1,Rating [Star Wars]
2,Rating [Spotlight]
3,Rating [Rocky]
4,Rating [Mad Max: Fury Road]
5,Rating [Kung Fu Panda 3]
6,Rating [Despicable Me]
7,Rating [Big Hero 6]
8,Rating [The hungover]
9,Rating [Inside out]
10,Rating [The big short]
11,Rating [Almost famous]
12,Rating [The hunger games]
13,Rating [Pulp Fiction]
14,Rating [Inglourious Basterds]
15,Rating [The usual suspects]
16,Rating [Mamma mia]
17,Rating [Frozen]
18,Rating [Legally blonde]
19,Rating [Silver Linings]
20,Rating [Twilight]
21,Rating [Bridget Jones Diary]
22,Rating [Gone girl]
23,Rating [The matrix]
24,Rating [Alien]
25,Rating [2001: A space Odyssey]
26,Rating [The godfather]
27,Rating [Pretty woman]
28,Rating [Captain America]
29,Rating [Inside Out]
30,Rating [The Danish Girl]
31,Rating [The Martian]
32,Rating [The Intern]
33,Rating [Zootopia]
34,Rating [X-Men]
35,Rating [Star Wars]
36,Rating [Mission: Impossible - Rogue Nation]
37,Rating [Spy]
38,Rating [Focus]